participantId,task,difficulty,confidence,format
67895b7d6400163124042af7,writing-task-NL,4,4,jsonc
67895b7d6400163124042af7,reading-task-config-1,6,4,jsonc
67895b7d6400163124042af7,reading-task-config-2,7,3,jsonc
67895b7d6400163124042af7,reading-task-config-3,6,4,jsonc
67895b7d6400163124042af7,reading-task-config-4,6,4,jsonc
67895b7d6400163124042af7,reading-task-config-5,5,4,jsonc
67895b7d6400163124042af7,writing-task-config,7,4,jsonc
67895b7d6400163124042af7,modifying-task-config-1,7,4,jsonc
67895b7d6400163124042af7,modifying-task-config-2,6,4,jsonc
67895b7d6400163124042af7,modifying-task-config-3,7,5,jsonc
67895b7d6400163124042af7,modifying-task-config-4,7,5,jsonc
659960f32faa4ff4b116de92,writing-task-NL,1,7,toml
659960f32faa4ff4b116de92,reading-task-config-1,5,1,toml
659960f32faa4ff4b116de92,reading-task-config-2,4,5,toml
659960f32faa4ff4b116de92,reading-task-config-3,4,2,toml
659960f32faa4ff4b116de92,reading-task-config-4,7,1,toml
659960f32faa4ff4b116de92,reading-task-config-5,1,7,toml
659960f32faa4ff4b116de92,writing-task-config,7,1,toml
659960f32faa4ff4b116de92,modifying-task-config-1,1,3,toml
659960f32faa4ff4b116de92,modifying-task-config-2,3,2,toml
659960f32faa4ff4b116de92,modifying-task-config-3,1,7,toml
659960f32faa4ff4b116de92,modifying-task-config-4,3,5,toml
5f7f239e9b204e05b6c36538,writing-task-NL,1,1,json5
5f7f239e9b204e05b6c36538,reading-task-config-1,4,2,json5
5f7f239e9b204e05b6c36538,reading-task-config-2,1,3,json5
5f7f239e9b204e05b6c36538,reading-task-config-3,1,6,json5
5f7f239e9b204e05b6c36538,reading-task-config-4,7,1,json5
5f7f239e9b204e05b6c36538,reading-task-config-5,7,1,json5
5f7f239e9b204e05b6c36538,writing-task-config,7,1,json5
5f7f239e9b204e05b6c36538,modifying-task-config-1,7,1,json5
5f7f239e9b204e05b6c36538,modifying-task-config-2,7,1,json5
5f7f239e9b204e05b6c36538,modifying-task-config-3,3,4,json5
5f7f239e9b204e05b6c36538,modifying-task-config-4,5,2,json5
67b8636acd5ed420cc098b64,writing-task-NL,7,7,toml
67b8636acd5ed420cc098b64,reading-task-config-1,7,3,toml
67b8636acd5ed420cc098b64,reading-task-config-2,4,1,toml
67b8636acd5ed420cc098b64,reading-task-config-3,7,1,toml
67b8636acd5ed420cc098b64,reading-task-config-4,7,2,toml
67b8636acd5ed420cc098b64,reading-task-config-5,1,7,toml
67b8636acd5ed420cc098b64,writing-task-config,7,1,toml
67b8636acd5ed420cc098b64,modifying-task-config-1,7,2,toml
67b8636acd5ed420cc098b64,modifying-task-config-2,7,1,toml
67b8636acd5ed420cc098b64,modifying-task-config-3,4,2,toml
67b8636acd5ed420cc098b64,modifying-task-config-4,5,3,toml
57ca4b09993b08000192297b,writing-task-NL,1,4,xml
57ca4b09993b08000192297b,reading-task-config-1,1,7,xml
57ca4b09993b08000192297b,reading-task-config-2,1,7,xml
57ca4b09993b08000192297b,reading-task-config-3,3,6,xml
57ca4b09993b08000192297b,reading-task-config-4,2,6,xml
57ca4b09993b08000192297b,reading-task-config-5,1,7,xml
57ca4b09993b08000192297b,writing-task-config,4,4,xml
57ca4b09993b08000192297b,modifying-task-config-1,2,7,xml
57ca4b09993b08000192297b,modifying-task-config-2,2,6,xml
57ca4b09993b08000192297b,modifying-task-config-3,5,5,xml
57ca4b09993b08000192297b,modifying-task-config-4,6,2,xml
67d1cc8044430e99a7d91b4a,writing-task-NL,1,7,toml
67d1cc8044430e99a7d91b4a,reading-task-config-1,5,7,toml
67d1cc8044430e99a7d91b4a,reading-task-config-2,1,7,toml
67d1cc8044430e99a7d91b4a,reading-task-config-3,4,5,toml
67d1cc8044430e99a7d91b4a,reading-task-config-4,5,5,toml
67d1cc8044430e99a7d91b4a,reading-task-config-5,2,7,toml
67d1cc8044430e99a7d91b4a,writing-task-config,4,6,toml
67d1cc8044430e99a7d91b4a,modifying-task-config-1,1,6,toml
67d1cc8044430e99a7d91b4a,modifying-task-config-2,7,4,toml
67d1cc8044430e99a7d91b4a,modifying-task-config-3,2,6,toml
67d1cc8044430e99a7d91b4a,modifying-task-config-4,7,4,toml
6693ce87e76d32ccf07fbcd8,writing-task-NL,1,7,xml
6693ce87e76d32ccf07fbcd8,reading-task-config-1,1,7,xml
6693ce87e76d32ccf07fbcd8,reading-task-config-2,3,7,xml
6693ce87e76d32ccf07fbcd8,reading-task-config-3,1,7,xml
6693ce87e76d32ccf07fbcd8,reading-task-config-4,1,7,xml
6693ce87e76d32ccf07fbcd8,reading-task-config-5,1,7,xml
6693ce87e76d32ccf07fbcd8,writing-task-config,5,3,xml
6693ce87e76d32ccf07fbcd8,modifying-task-config-1,1,7,xml
6693ce87e76d32ccf07fbcd8,modifying-task-config-2,1,7,xml
6693ce87e76d32ccf07fbcd8,modifying-task-config-3,2,6,xml
6693ce87e76d32ccf07fbcd8,modifying-task-config-4,1,7,xml
680ebf035ab59d342f31726e,writing-task-NL,2,7,hjson
680ebf035ab59d342f31726e,reading-task-config-1,2,7,hjson
680ebf035ab59d342f31726e,reading-task-config-2,2,7,hjson
680ebf035ab59d342f31726e,reading-task-config-3,2,7,hjson
680ebf035ab59d342f31726e,reading-task-config-4,2,7,hjson
680ebf035ab59d342f31726e,reading-task-config-5,2,7,hjson
680ebf035ab59d342f31726e,writing-task-config,4,6,hjson
680ebf035ab59d342f31726e,modifying-task-config-1,2,7,hjson
680ebf035ab59d342f31726e,modifying-task-config-2,2,7,hjson
680ebf035ab59d342f31726e,modifying-task-config-3,2,7,hjson
680ebf035ab59d342f31726e,modifying-task-config-4,4,5,hjson
67f0d86fabc081fdc410e828,writing-task-NL,1,7,yaml
67f0d86fabc081fdc410e828,reading-task-config-1,7,5,yaml
67f0d86fabc081fdc410e828,reading-task-config-2,5,7,yaml
67f0d86fabc081fdc410e828,reading-task-config-3,1,7,yaml
67f0d86fabc081fdc410e828,reading-task-config-4,3,6,yaml
67f0d86fabc081fdc410e828,reading-task-config-5,1,7,yaml
67f0d86fabc081fdc410e828,writing-task-config,7,1,yaml
67f0d86fabc081fdc410e828,modifying-task-config-1,1,7,yaml
67f0d86fabc081fdc410e828,modifying-task-config-2,1,7,yaml
67f0d86fabc081fdc410e828,modifying-task-config-3,1,6,yaml
67f0d86fabc081fdc410e828,modifying-task-config-4,3,5,yaml
6691809035e52ca9b2b0f39a,writing-task-NL,5,6,yaml
6691809035e52ca9b2b0f39a,reading-task-config-1,1,7,yaml
6691809035e52ca9b2b0f39a,reading-task-config-2,5,7,yaml
6691809035e52ca9b2b0f39a,reading-task-config-3,1,7,yaml
6691809035e52ca9b2b0f39a,reading-task-config-4,4,5,yaml
6691809035e52ca9b2b0f39a,reading-task-config-5,1,7,yaml
6691809035e52ca9b2b0f39a,writing-task-config,7,1,yaml
6691809035e52ca9b2b0f39a,modifying-task-config-1,3,2,yaml
6691809035e52ca9b2b0f39a,modifying-task-config-2,4,5,yaml
6691809035e52ca9b2b0f39a,modifying-task-config-3,4,1,yaml
6691809035e52ca9b2b0f39a,modifying-task-config-4,4,2,yaml
678faf5b31008609fd85b185,writing-task-NL,3,3,json5
678faf5b31008609fd85b185,reading-task-config-1,6,2,json5
678faf5b31008609fd85b185,reading-task-config-2,6,3,json5
678faf5b31008609fd85b185,reading-task-config-3,3,6,json5
678faf5b31008609fd85b185,reading-task-config-4,6,4,json5
678faf5b31008609fd85b185,reading-task-config-5,2,6,json5
678faf5b31008609fd85b185,writing-task-config,7,2,json5
678faf5b31008609fd85b185,modifying-task-config-1,2,4,json5
678faf5b31008609fd85b185,modifying-task-config-2,4,4,json5
678faf5b31008609fd85b185,modifying-task-config-3,4,4,json5
678faf5b31008609fd85b185,modifying-task-config-4,7,1,json5
65e85a421f2dee53c62fbf45,writing-task-NL,1,7,json5
65e85a421f2dee53c62fbf45,reading-task-config-1,1,6,json5
65e85a421f2dee53c62fbf45,reading-task-config-2,2,6,json5
65e85a421f2dee53c62fbf45,reading-task-config-3,4,4,json5
65e85a421f2dee53c62fbf45,reading-task-config-4,7,3,json5
65e85a421f2dee53c62fbf45,reading-task-config-5,1,7,json5
65e85a421f2dee53c62fbf45,writing-task-config,7,1,json5
65e85a421f2dee53c62fbf45,modifying-task-config-1,1,7,json5
65e85a421f2dee53c62fbf45,modifying-task-config-2,7,4,json5
65e85a421f2dee53c62fbf45,modifying-task-config-3,5,5,json5
65e85a421f2dee53c62fbf45,modifying-task-config-4,3,6,json5
666b0b42bb6fa2822fa27a32,writing-task-NL,1,1,json5
666b0b42bb6fa2822fa27a32,reading-task-config-1,3,4,json5
666b0b42bb6fa2822fa27a32,reading-task-config-2,2,5,json5
666b0b42bb6fa2822fa27a32,reading-task-config-3,5,3,json5
666b0b42bb6fa2822fa27a32,reading-task-config-4,3,4,json5
666b0b42bb6fa2822fa27a32,reading-task-config-5,1,6,json5
666b0b42bb6fa2822fa27a32,writing-task-config,4,4,json5
666b0b42bb6fa2822fa27a32,modifying-task-config-1,3,4,json5
666b0b42bb6fa2822fa27a32,modifying-task-config-2,5,3,json5
666b0b42bb6fa2822fa27a32,modifying-task-config-3,2,6,json5
666b0b42bb6fa2822fa27a32,modifying-task-config-4,3,5,json5
6708da9c62672d0fe65b6683,writing-task-NL,1,7,jsonc
6708da9c62672d0fe65b6683,reading-task-config-1,6,3,jsonc
6708da9c62672d0fe65b6683,reading-task-config-2,4,3,jsonc
6708da9c62672d0fe65b6683,reading-task-config-3,2,5,jsonc
6708da9c62672d0fe65b6683,reading-task-config-4,7,1,jsonc
6708da9c62672d0fe65b6683,reading-task-config-5,2,4,jsonc
6708da9c62672d0fe65b6683,writing-task-config,7,1,jsonc
6708da9c62672d0fe65b6683,modifying-task-config-1,7,1,jsonc
6708da9c62672d0fe65b6683,modifying-task-config-2,7,1,jsonc
6708da9c62672d0fe65b6683,modifying-task-config-3,7,1,jsonc
6708da9c62672d0fe65b6683,modifying-task-config-4,7,1,jsonc
60f70af563ef757f65e750e0,writing-task-NL,1,7,xml
60f70af563ef757f65e750e0,reading-task-config-1,3,5,xml
60f70af563ef757f65e750e0,reading-task-config-2,3,6,xml
60f70af563ef757f65e750e0,reading-task-config-3,3,4,xml
60f70af563ef757f65e750e0,reading-task-config-4,4,4,xml
60f70af563ef757f65e750e0,reading-task-config-5,3,4,xml
60f70af563ef757f65e750e0,writing-task-config,6,2,xml
60f70af563ef757f65e750e0,modifying-task-config-1,5,4,xml
60f70af563ef757f65e750e0,modifying-task-config-2,3,5,xml
60f70af563ef757f65e750e0,modifying-task-config-3,3,5,xml
60f70af563ef757f65e750e0,modifying-task-config-4,4,3,xml
670f9ddb0e32533c222c3031,writing-task-NL,3,6,json
670f9ddb0e32533c222c3031,reading-task-config-1,5,4,json
670f9ddb0e32533c222c3031,reading-task-config-2,5,4,json
670f9ddb0e32533c222c3031,reading-task-config-3,5,6,json
670f9ddb0e32533c222c3031,reading-task-config-4,6,5,json
670f9ddb0e32533c222c3031,reading-task-config-5,4,6,json
670f9ddb0e32533c222c3031,writing-task-config,5,6,json
670f9ddb0e32533c222c3031,modifying-task-config-1,4,5,json
670f9ddb0e32533c222c3031,modifying-task-config-2,4,6,json
670f9ddb0e32533c222c3031,modifying-task-config-3,4,6,json
670f9ddb0e32533c222c3031,modifying-task-config-4,4,6,json
67d03135f855dd0ff0994265,writing-task-NL,1,6,toml
67d03135f855dd0ff0994265,reading-task-config-1,2,4,toml
67d03135f855dd0ff0994265,reading-task-config-2,2,6,toml
67d03135f855dd0ff0994265,reading-task-config-3,1,6,toml
67d03135f855dd0ff0994265,reading-task-config-4,4,1,toml
67d03135f855dd0ff0994265,reading-task-config-5,5,2,toml
67d03135f855dd0ff0994265,writing-task-config,5,3,toml
67d03135f855dd0ff0994265,modifying-task-config-1,5,2,toml
67d03135f855dd0ff0994265,modifying-task-config-2,3,4,toml
67d03135f855dd0ff0994265,modifying-task-config-3,3,3,toml
67d03135f855dd0ff0994265,modifying-task-config-4,3,3,toml
674f479b2a4ef75e4551f258,writing-task-NL,2,6,json5
674f479b2a4ef75e4551f258,reading-task-config-1,2,6,json5
674f479b2a4ef75e4551f258,reading-task-config-2,1,6,json5
674f479b2a4ef75e4551f258,reading-task-config-3,1,7,json5
674f479b2a4ef75e4551f258,reading-task-config-4,3,5,json5
674f479b2a4ef75e4551f258,reading-task-config-5,4,4,json5
674f479b2a4ef75e4551f258,writing-task-config,2,6,json5
674f479b2a4ef75e4551f258,modifying-task-config-1,2,6,json5
674f479b2a4ef75e4551f258,modifying-task-config-2,3,4,json5
674f479b2a4ef75e4551f258,modifying-task-config-3,2,6,json5
674f479b2a4ef75e4551f258,modifying-task-config-4,4,3,json5
5ee4a14b578f8a000b384376,writing-task-NL,1,7,yaml
5ee4a14b578f8a000b384376,reading-task-config-1,2,7,yaml
5ee4a14b578f8a000b384376,reading-task-config-2,2,7,yaml
5ee4a14b578f8a000b384376,reading-task-config-3,2,7,yaml
5ee4a14b578f8a000b384376,reading-task-config-4,4,3,yaml
5ee4a14b578f8a000b384376,reading-task-config-5,3,5,yaml
5ee4a14b578f8a000b384376,writing-task-config,7,1,yaml
5ee4a14b578f8a000b384376,modifying-task-config-1,2,6,yaml
5ee4a14b578f8a000b384376,modifying-task-config-2,4,6,yaml
5ee4a14b578f8a000b384376,modifying-task-config-3,7,1,yaml
5ee4a14b578f8a000b384376,modifying-task-config-4,7,1,yaml
63af557b3d4f219c3226b7d6,writing-task-NL,2,6,yaml
63af557b3d4f219c3226b7d6,reading-task-config-1,3,6,yaml
63af557b3d4f219c3226b7d6,reading-task-config-2,3,5,yaml
63af557b3d4f219c3226b7d6,reading-task-config-3,3,5,yaml
63af557b3d4f219c3226b7d6,reading-task-config-4,5,4,yaml
63af557b3d4f219c3226b7d6,reading-task-config-5,3,5,yaml
63af557b3d4f219c3226b7d6,writing-task-config,7,1,yaml
63af557b3d4f219c3226b7d6,modifying-task-config-1,6,1,yaml
63af557b3d4f219c3226b7d6,modifying-task-config-2,5,2,yaml
63af557b3d4f219c3226b7d6,modifying-task-config-3,6,1,yaml
63af557b3d4f219c3226b7d6,modifying-task-config-4,7,1,yaml
65583ffa38bfc41805a553cd,writing-task-NL,1,7,hjson
65583ffa38bfc41805a553cd,reading-task-config-1,4,4,hjson
65583ffa38bfc41805a553cd,reading-task-config-2,2,6,hjson
65583ffa38bfc41805a553cd,reading-task-config-3,2,6,hjson
65583ffa38bfc41805a553cd,reading-task-config-4,7,1,hjson
65583ffa38bfc41805a553cd,reading-task-config-5,1,6,hjson
65583ffa38bfc41805a553cd,writing-task-config,7,1,hjson
65583ffa38bfc41805a553cd,modifying-task-config-1,1,7,hjson
65583ffa38bfc41805a553cd,modifying-task-config-2,2,7,hjson
65583ffa38bfc41805a553cd,modifying-task-config-3,1,7,hjson
65583ffa38bfc41805a553cd,modifying-task-config-4,7,1,hjson
66684d30d1a0d64a3a348c82,writing-task-NL,1,6,yaml
66684d30d1a0d64a3a348c82,reading-task-config-1,6,4,yaml
66684d30d1a0d64a3a348c82,reading-task-config-2,6,4,yaml
66684d30d1a0d64a3a348c82,reading-task-config-3,5,4,yaml
66684d30d1a0d64a3a348c82,reading-task-config-4,7,3,yaml
66684d30d1a0d64a3a348c82,reading-task-config-5,6,3,yaml
66684d30d1a0d64a3a348c82,writing-task-config,7,2,yaml
66684d30d1a0d64a3a348c82,modifying-task-config-1,7,1,yaml
66684d30d1a0d64a3a348c82,modifying-task-config-2,6,3,yaml
66684d30d1a0d64a3a348c82,modifying-task-config-3,7,1,yaml
66684d30d1a0d64a3a348c82,modifying-task-config-4,7,1,yaml
60ec51c51a3158a50ded8a3e,writing-task-NL,2,6,json5
60ec51c51a3158a50ded8a3e,reading-task-config-1,1,7,json5
60ec51c51a3158a50ded8a3e,reading-task-config-2,2,6,json5
60ec51c51a3158a50ded8a3e,reading-task-config-3,1,7,json5
60ec51c51a3158a50ded8a3e,reading-task-config-4,3,5,json5
60ec51c51a3158a50ded8a3e,reading-task-config-5,2,5,json5
60ec51c51a3158a50ded8a3e,writing-task-config,4,5,json5
60ec51c51a3158a50ded8a3e,modifying-task-config-1,3,5,json5
60ec51c51a3158a50ded8a3e,modifying-task-config-2,3,5,json5
60ec51c51a3158a50ded8a3e,modifying-task-config-3,3,4,json5
60ec51c51a3158a50ded8a3e,modifying-task-config-4,3,3,json5
671bdd06525adeea062a1d73,writing-task-NL,1,7,json
671bdd06525adeea062a1d73,reading-task-config-1,1,7,json
671bdd06525adeea062a1d73,reading-task-config-2,1,7,json
671bdd06525adeea062a1d73,reading-task-config-3,1,7,json
671bdd06525adeea062a1d73,reading-task-config-4,1,7,json
671bdd06525adeea062a1d73,reading-task-config-5,1,7,json
671bdd06525adeea062a1d73,writing-task-config,1,7,json
671bdd06525adeea062a1d73,modifying-task-config-1,1,7,json
671bdd06525adeea062a1d73,modifying-task-config-2,1,7,json
671bdd06525adeea062a1d73,modifying-task-config-3,1,7,json
671bdd06525adeea062a1d73,modifying-task-config-4,1,7,json
6647e8618c77f7b938865d25,writing-task-NL,1,7,json5
6647e8618c77f7b938865d25,reading-task-config-1,5,7,json5
6647e8618c77f7b938865d25,reading-task-config-2,6,3,json5
6647e8618c77f7b938865d25,reading-task-config-3,1,7,json5
6647e8618c77f7b938865d25,reading-task-config-4,6,4,json5
6647e8618c77f7b938865d25,reading-task-config-5,3,6,json5
6647e8618c77f7b938865d25,writing-task-config,6,6,json5
6647e8618c77f7b938865d25,modifying-task-config-1,2,7,json5
6647e8618c77f7b938865d25,modifying-task-config-2,3,7,json5
6647e8618c77f7b938865d25,modifying-task-config-3,5,6,json5
6647e8618c77f7b938865d25,modifying-task-config-4,2,7,json5
613a541cf948d295c1df8752,writing-task-NL,1,7,jsonc
613a541cf948d295c1df8752,reading-task-config-1,2,6,jsonc
613a541cf948d295c1df8752,reading-task-config-2,1,7,jsonc
613a541cf948d295c1df8752,reading-task-config-3,1,7,jsonc
613a541cf948d295c1df8752,reading-task-config-4,2,6,jsonc
613a541cf948d295c1df8752,reading-task-config-5,1,7,jsonc
613a541cf948d295c1df8752,writing-task-config,5,3,jsonc
613a541cf948d295c1df8752,modifying-task-config-1,3,3,jsonc
613a541cf948d295c1df8752,modifying-task-config-2,2,5,jsonc
613a541cf948d295c1df8752,modifying-task-config-3,2,6,jsonc
613a541cf948d295c1df8752,modifying-task-config-4,5,3,jsonc
5e5c993cd0394c474f7cc502,writing-task-NL,7,7,toml
5e5c993cd0394c474f7cc502,reading-task-config-1,1,7,toml
5e5c993cd0394c474f7cc502,reading-task-config-2,2,6,toml
5e5c993cd0394c474f7cc502,reading-task-config-3,1,7,toml
5e5c993cd0394c474f7cc502,reading-task-config-4,2,7,toml
5e5c993cd0394c474f7cc502,reading-task-config-5,1,7,toml
5e5c993cd0394c474f7cc502,writing-task-config,7,3,toml
5e5c993cd0394c474f7cc502,modifying-task-config-1,2,3,toml
5e5c993cd0394c474f7cc502,modifying-task-config-2,2,6,toml
5e5c993cd0394c474f7cc502,modifying-task-config-3,2,4,toml
5e5c993cd0394c474f7cc502,modifying-task-config-4,5,1,toml
67c045fa5074c5500ca40e76,writing-task-NL,1,7,xml
67c045fa5074c5500ca40e76,reading-task-config-1,7,6,xml
67c045fa5074c5500ca40e76,reading-task-config-2,7,4,xml
67c045fa5074c5500ca40e76,reading-task-config-3,6,5,xml
67c045fa5074c5500ca40e76,reading-task-config-4,7,6,xml
67c045fa5074c5500ca40e76,reading-task-config-5,7,5,xml
67c045fa5074c5500ca40e76,writing-task-config,7,6,xml
67c045fa5074c5500ca40e76,modifying-task-config-1,7,3,xml
67c045fa5074c5500ca40e76,modifying-task-config-2,7,2,xml
67c045fa5074c5500ca40e76,modifying-task-config-3,7,1,xml
67c045fa5074c5500ca40e76,modifying-task-config-4,7,1,xml
67d2eaf9d5996dc6be1c7072,writing-task-NL,1,7,xml
67d2eaf9d5996dc6be1c7072,reading-task-config-1,1,7,xml
67d2eaf9d5996dc6be1c7072,reading-task-config-2,1,7,xml
67d2eaf9d5996dc6be1c7072,reading-task-config-3,5,4,xml
67d2eaf9d5996dc6be1c7072,reading-task-config-4,4,5,xml
67d2eaf9d5996dc6be1c7072,reading-task-config-5,1,7,xml
67d2eaf9d5996dc6be1c7072,writing-task-config,7,1,xml
67d2eaf9d5996dc6be1c7072,modifying-task-config-1,1,7,xml
67d2eaf9d5996dc6be1c7072,modifying-task-config-2,7,1,xml
67d2eaf9d5996dc6be1c7072,modifying-task-config-3,5,3,xml
67d2eaf9d5996dc6be1c7072,modifying-task-config-4,5,3,xml
60e2ebb6ad1d5ee0e515a7c5,writing-task-NL,2,3,yaml
60e2ebb6ad1d5ee0e515a7c5,reading-task-config-1,4,2,yaml
60e2ebb6ad1d5ee0e515a7c5,reading-task-config-2,4,3,yaml
60e2ebb6ad1d5ee0e515a7c5,reading-task-config-3,2,5,yaml
60e2ebb6ad1d5ee0e515a7c5,reading-task-config-4,6,1,yaml
60e2ebb6ad1d5ee0e515a7c5,reading-task-config-5,1,7,yaml
60e2ebb6ad1d5ee0e515a7c5,writing-task-config,7,1,yaml
60e2ebb6ad1d5ee0e515a7c5,modifying-task-config-1,1,7,yaml
60e2ebb6ad1d5ee0e515a7c5,modifying-task-config-2,2,4,yaml
60e2ebb6ad1d5ee0e515a7c5,modifying-task-config-3,3,5,yaml
60e2ebb6ad1d5ee0e515a7c5,modifying-task-config-4,5,3,yaml
67153c0d669d191ab273b865,writing-task-NL,1,7,yaml
67153c0d669d191ab273b865,reading-task-config-1,7,4,yaml
67153c0d669d191ab273b865,reading-task-config-2,7,4,yaml
67153c0d669d191ab273b865,reading-task-config-3,4,7,yaml
67153c0d669d191ab273b865,reading-task-config-4,7,3,yaml
67153c0d669d191ab273b865,reading-task-config-5,6,6,yaml
67153c0d669d191ab273b865,writing-task-config,7,1,yaml
67153c0d669d191ab273b865,modifying-task-config-1,7,1,yaml
67153c0d669d191ab273b865,modifying-task-config-2,7,6,yaml
67153c0d669d191ab273b865,modifying-task-config-3,7,1,yaml
67153c0d669d191ab273b865,modifying-task-config-4,7,2,yaml
67ab1d683813ed19603e1030,writing-task-NL,1,7,yaml
67ab1d683813ed19603e1030,reading-task-config-1,4,5,yaml
67ab1d683813ed19603e1030,reading-task-config-2,1,7,yaml
67ab1d683813ed19603e1030,reading-task-config-3,1,7,yaml
67ab1d683813ed19603e1030,reading-task-config-4,6,2,yaml
67ab1d683813ed19603e1030,reading-task-config-5,1,7,yaml
67ab1d683813ed19603e1030,writing-task-config,5,2,yaml
67ab1d683813ed19603e1030,modifying-task-config-1,1,7,yaml
67ab1d683813ed19603e1030,modifying-task-config-2,3,5,yaml
67ab1d683813ed19603e1030,modifying-task-config-3,6,1,yaml
67ab1d683813ed19603e1030,modifying-task-config-4,1,7,yaml
60e343946a7faddde88fbe3c,writing-task-NL,1,7,yaml
60e343946a7faddde88fbe3c,reading-task-config-1,1,7,yaml
60e343946a7faddde88fbe3c,reading-task-config-2,1,7,yaml
60e343946a7faddde88fbe3c,reading-task-config-3,1,7,yaml
60e343946a7faddde88fbe3c,reading-task-config-4,2,7,yaml
60e343946a7faddde88fbe3c,reading-task-config-5,3,6,yaml
60e343946a7faddde88fbe3c,writing-task-config,4,6,yaml
60e343946a7faddde88fbe3c,modifying-task-config-1,2,7,yaml
60e343946a7faddde88fbe3c,modifying-task-config-2,1,7,yaml
60e343946a7faddde88fbe3c,modifying-task-config-3,2,7,yaml
60e343946a7faddde88fbe3c,modifying-task-config-4,2,5,yaml
67e0333064ddada0e2fc6f1e,writing-task-NL,1,7,yaml
67e0333064ddada0e2fc6f1e,reading-task-config-1,1,7,yaml
67e0333064ddada0e2fc6f1e,reading-task-config-2,1,7,yaml
67e0333064ddada0e2fc6f1e,reading-task-config-3,1,7,yaml
67e0333064ddada0e2fc6f1e,reading-task-config-4,1,7,yaml
67e0333064ddada0e2fc6f1e,reading-task-config-5,1,7,yaml
67e0333064ddada0e2fc6f1e,writing-task-config,1,7,yaml
67e0333064ddada0e2fc6f1e,modifying-task-config-1,1,7,yaml
67e0333064ddada0e2fc6f1e,modifying-task-config-2,1,7,yaml
67e0333064ddada0e2fc6f1e,modifying-task-config-3,1,7,yaml
67e0333064ddada0e2fc6f1e,modifying-task-config-4,1,7,yaml
5b3ec4332a5fbf00014eae57,writing-task-NL,7,4,toml
5b3ec4332a5fbf00014eae57,reading-task-config-1,1,7,toml
5b3ec4332a5fbf00014eae57,reading-task-config-2,4,3,toml
5b3ec4332a5fbf00014eae57,reading-task-config-3,1,7,toml
5b3ec4332a5fbf00014eae57,reading-task-config-4,6,1,toml
5b3ec4332a5fbf00014eae57,reading-task-config-5,2,5,toml
5b3ec4332a5fbf00014eae57,writing-task-config,7,1,toml
5b3ec4332a5fbf00014eae57,modifying-task-config-1,5,2,toml
5b3ec4332a5fbf00014eae57,modifying-task-config-2,6,2,toml
5b3ec4332a5fbf00014eae57,modifying-task-config-3,4,2,toml
5b3ec4332a5fbf00014eae57,modifying-task-config-4,7,1,toml
66912d7bf9d35c08f6919958,writing-task-NL,1,7,json
66912d7bf9d35c08f6919958,reading-task-config-1,1,7,json
66912d7bf9d35c08f6919958,reading-task-config-2,1,7,json
66912d7bf9d35c08f6919958,reading-task-config-3,1,7,json
66912d7bf9d35c08f6919958,reading-task-config-4,1,7,json
66912d7bf9d35c08f6919958,reading-task-config-5,1,7,json
66912d7bf9d35c08f6919958,writing-task-config,1,7,json
66912d7bf9d35c08f6919958,modifying-task-config-1,1,7,json
66912d7bf9d35c08f6919958,modifying-task-config-2,1,7,json
66912d7bf9d35c08f6919958,modifying-task-config-3,1,7,json
66912d7bf9d35c08f6919958,modifying-task-config-4,1,7,json
6717980047b565ab5b849317,writing-task-NL,1,6,hjson
6717980047b565ab5b849317,reading-task-config-1,6,4,hjson
6717980047b565ab5b849317,reading-task-config-2,5,4,hjson
6717980047b565ab5b849317,reading-task-config-3,5,5,hjson
6717980047b565ab5b849317,reading-task-config-4,6,3,hjson
6717980047b565ab5b849317,reading-task-config-5,6,2,hjson
6717980047b565ab5b849317,writing-task-config,6,3,hjson
6717980047b565ab5b849317,modifying-task-config-1,7,2,hjson
6717980047b565ab5b849317,modifying-task-config-2,7,2,hjson
6717980047b565ab5b849317,modifying-task-config-3,6,3,hjson
6717980047b565ab5b849317,modifying-task-config-4,7,1,hjson
651b29ff3a6cadf518640abe,writing-task-NL,2,7,xml
651b29ff3a6cadf518640abe,reading-task-config-1,4,5,xml
651b29ff3a6cadf518640abe,reading-task-config-2,3,6,xml
651b29ff3a6cadf518640abe,reading-task-config-3,6,2,xml
651b29ff3a6cadf518640abe,reading-task-config-4,7,1,xml
651b29ff3a6cadf518640abe,reading-task-config-5,5,3,xml
651b29ff3a6cadf518640abe,writing-task-config,7,1,xml
651b29ff3a6cadf518640abe,modifying-task-config-1,7,1,xml
651b29ff3a6cadf518640abe,modifying-task-config-2,7,1,xml
651b29ff3a6cadf518640abe,modifying-task-config-3,4,4,xml
651b29ff3a6cadf518640abe,modifying-task-config-4,7,1,xml
6818ca1523ece90f671e3601,writing-task-NL,2,6,json
6818ca1523ece90f671e3601,reading-task-config-1,2,7,json
6818ca1523ece90f671e3601,reading-task-config-2,1,7,json
6818ca1523ece90f671e3601,reading-task-config-3,2,7,json
6818ca1523ece90f671e3601,reading-task-config-4,3,6,json
6818ca1523ece90f671e3601,reading-task-config-5,1,7,json
6818ca1523ece90f671e3601,writing-task-config,2,7,json
6818ca1523ece90f671e3601,modifying-task-config-1,3,5,json
6818ca1523ece90f671e3601,modifying-task-config-2,1,7,json
6818ca1523ece90f671e3601,modifying-task-config-3,1,7,json
6818ca1523ece90f671e3601,modifying-task-config-4,6,2,json
67c1dd323984fa84ae83e162,writing-task-NL,3,6,jsonc
67c1dd323984fa84ae83e162,reading-task-config-1,6,4,jsonc
67c1dd323984fa84ae83e162,reading-task-config-2,5,5,jsonc
67c1dd323984fa84ae83e162,reading-task-config-3,4,3,jsonc
67c1dd323984fa84ae83e162,reading-task-config-4,7,6,jsonc
67c1dd323984fa84ae83e162,reading-task-config-5,6,6,jsonc
67c1dd323984fa84ae83e162,writing-task-config,7,6,jsonc
67c1dd323984fa84ae83e162,modifying-task-config-1,6,4,jsonc
67c1dd323984fa84ae83e162,modifying-task-config-2,7,2,jsonc
67c1dd323984fa84ae83e162,modifying-task-config-3,1,7,jsonc
67c1dd323984fa84ae83e162,modifying-task-config-4,6,3,jsonc
67d2a409ab3638e33fc417b9,writing-task-NL,1,5,hjson
67d2a409ab3638e33fc417b9,reading-task-config-1,3,3,hjson
67d2a409ab3638e33fc417b9,reading-task-config-2,4,5,hjson
67d2a409ab3638e33fc417b9,reading-task-config-3,7,1,hjson
67d2a409ab3638e33fc417b9,reading-task-config-4,5,4,hjson
67d2a409ab3638e33fc417b9,reading-task-config-5,6,4,hjson
67d2a409ab3638e33fc417b9,writing-task-config,2,4,hjson
67d2a409ab3638e33fc417b9,modifying-task-config-1,1,1,hjson
67d2a409ab3638e33fc417b9,modifying-task-config-2,1,1,hjson
67d2a409ab3638e33fc417b9,modifying-task-config-3,1,1,hjson
67d2a409ab3638e33fc417b9,modifying-task-config-4,1,1,hjson
66ec8f7ce843d25227820f97,writing-task-NL,1,7,hjson
66ec8f7ce843d25227820f97,reading-task-config-1,6,5,hjson
66ec8f7ce843d25227820f97,reading-task-config-2,2,6,hjson
66ec8f7ce843d25227820f97,reading-task-config-3,6,2,hjson
66ec8f7ce843d25227820f97,reading-task-config-4,7,5,hjson
66ec8f7ce843d25227820f97,reading-task-config-5,1,6,hjson
66ec8f7ce843d25227820f97,writing-task-config,7,6,hjson
66ec8f7ce843d25227820f97,modifying-task-config-1,1,6,hjson
66ec8f7ce843d25227820f97,modifying-task-config-2,6,6,hjson
66ec8f7ce843d25227820f97,modifying-task-config-3,6,6,hjson
66ec8f7ce843d25227820f97,modifying-task-config-4,1,5,hjson
6680d2279263349cc005956a,writing-task-NL,2,6,json
6680d2279263349cc005956a,reading-task-config-1,1,7,json
6680d2279263349cc005956a,reading-task-config-2,1,7,json
6680d2279263349cc005956a,reading-task-config-3,1,7,json
6680d2279263349cc005956a,reading-task-config-4,7,2,json
6680d2279263349cc005956a,reading-task-config-5,5,3,json
6680d2279263349cc005956a,writing-task-config,5,4,json
6680d2279263349cc005956a,modifying-task-config-1,1,6,json
6680d2279263349cc005956a,modifying-task-config-2,1,6,json
6680d2279263349cc005956a,modifying-task-config-3,4,4,json
6680d2279263349cc005956a,modifying-task-config-4,3,5,json
6081728972120aa7f9685791,writing-task-NL,1,7,json
6081728972120aa7f9685791,reading-task-config-1,1,7,json
6081728972120aa7f9685791,reading-task-config-2,1,7,json
6081728972120aa7f9685791,reading-task-config-3,1,7,json
6081728972120aa7f9685791,reading-task-config-4,4,6,json
6081728972120aa7f9685791,reading-task-config-5,3,7,json
6081728972120aa7f9685791,writing-task-config,2,6,json
6081728972120aa7f9685791,modifying-task-config-1,2,6,json
6081728972120aa7f9685791,modifying-task-config-2,3,6,json
6081728972120aa7f9685791,modifying-task-config-3,4,7,json
6081728972120aa7f9685791,modifying-task-config-4,3,6,json
67aca6831f2b0b79416bdb6c,writing-task-NL,2,7,xml
67aca6831f2b0b79416bdb6c,reading-task-config-1,2,7,xml
67aca6831f2b0b79416bdb6c,reading-task-config-2,3,5,xml
67aca6831f2b0b79416bdb6c,reading-task-config-3,4,6,xml
67aca6831f2b0b79416bdb6c,reading-task-config-4,2,5,xml
67aca6831f2b0b79416bdb6c,reading-task-config-5,3,6,xml
67aca6831f2b0b79416bdb6c,writing-task-config,7,3,xml
67aca6831f2b0b79416bdb6c,modifying-task-config-1,6,7,xml
67aca6831f2b0b79416bdb6c,modifying-task-config-2,2,5,xml
67aca6831f2b0b79416bdb6c,modifying-task-config-3,4,7,xml
67aca6831f2b0b79416bdb6c,modifying-task-config-4,4,5,xml
675aaf0eb1b401136f37c475,writing-task-NL,2,6,json
675aaf0eb1b401136f37c475,reading-task-config-1,7,3,json
675aaf0eb1b401136f37c475,reading-task-config-2,3,5,json
675aaf0eb1b401136f37c475,reading-task-config-3,6,3,json
675aaf0eb1b401136f37c475,reading-task-config-4,7,3,json
675aaf0eb1b401136f37c475,reading-task-config-5,6,3,json
675aaf0eb1b401136f37c475,writing-task-config,7,1,json
675aaf0eb1b401136f37c475,modifying-task-config-1,7,2,json
675aaf0eb1b401136f37c475,modifying-task-config-2,6,4,json
675aaf0eb1b401136f37c475,modifying-task-config-3,7,4,json
675aaf0eb1b401136f37c475,modifying-task-config-4,5,5,json
6723422d5f63c70998014b03,writing-task-NL,3,6,jsonc
6723422d5f63c70998014b03,reading-task-config-1,6,3,jsonc
6723422d5f63c70998014b03,reading-task-config-2,3,5,jsonc
6723422d5f63c70998014b03,reading-task-config-3,3,5,jsonc
6723422d5f63c70998014b03,reading-task-config-4,6,1,jsonc
6723422d5f63c70998014b03,reading-task-config-5,3,4,jsonc
6723422d5f63c70998014b03,writing-task-config,7,2,jsonc
6723422d5f63c70998014b03,modifying-task-config-1,6,4,jsonc
6723422d5f63c70998014b03,modifying-task-config-2,6,3,jsonc
6723422d5f63c70998014b03,modifying-task-config-3,5,3,jsonc
6723422d5f63c70998014b03,modifying-task-config-4,6,3,jsonc
6554e79557e3d6be08e32ceb,writing-task-NL,2,6,yaml
6554e79557e3d6be08e32ceb,reading-task-config-1,2,6,yaml
6554e79557e3d6be08e32ceb,reading-task-config-2,3,5,yaml
6554e79557e3d6be08e32ceb,reading-task-config-3,3,5,yaml
6554e79557e3d6be08e32ceb,reading-task-config-4,6,2,yaml
6554e79557e3d6be08e32ceb,reading-task-config-5,3,5,yaml
6554e79557e3d6be08e32ceb,writing-task-config,7,1,yaml
6554e79557e3d6be08e32ceb,modifying-task-config-1,3,5,yaml
6554e79557e3d6be08e32ceb,modifying-task-config-2,5,2,yaml
6554e79557e3d6be08e32ceb,modifying-task-config-3,4,4,yaml
6554e79557e3d6be08e32ceb,modifying-task-config-4,4,4,yaml
645b519f108c046164a6d232,writing-task-NL,3,4,yaml
645b519f108c046164a6d232,reading-task-config-1,2,5,yaml
645b519f108c046164a6d232,reading-task-config-2,2,5,yaml
645b519f108c046164a6d232,reading-task-config-3,1,6,yaml
645b519f108c046164a6d232,reading-task-config-4,1,6,yaml
645b519f108c046164a6d232,reading-task-config-5,1,6,yaml
645b519f108c046164a6d232,writing-task-config,6,2,yaml
645b519f108c046164a6d232,modifying-task-config-1,2,6,yaml
645b519f108c046164a6d232,modifying-task-config-2,3,4,yaml
645b519f108c046164a6d232,modifying-task-config-3,3,3,yaml
645b519f108c046164a6d232,modifying-task-config-4,4,3,yaml
589cd166b2a7180001f0527d,writing-task-NL,1,7,jsonc
589cd166b2a7180001f0527d,reading-task-config-1,1,7,jsonc
589cd166b2a7180001f0527d,reading-task-config-2,7,1,jsonc
589cd166b2a7180001f0527d,reading-task-config-3,1,7,jsonc
589cd166b2a7180001f0527d,reading-task-config-4,7,1,jsonc
589cd166b2a7180001f0527d,reading-task-config-5,1,7,jsonc
589cd166b2a7180001f0527d,writing-task-config,7,1,jsonc
589cd166b2a7180001f0527d,modifying-task-config-1,7,1,jsonc
589cd166b2a7180001f0527d,modifying-task-config-2,4,3,jsonc
589cd166b2a7180001f0527d,modifying-task-config-3,4,5,jsonc
589cd166b2a7180001f0527d,modifying-task-config-4,3,4,jsonc
6682a94b061954ae8483fb08,writing-task-NL,1,5,toml
6682a94b061954ae8483fb08,reading-task-config-1,1,7,toml
6682a94b061954ae8483fb08,reading-task-config-2,1,7,toml
6682a94b061954ae8483fb08,reading-task-config-3,1,7,toml
6682a94b061954ae8483fb08,reading-task-config-4,2,7,toml
6682a94b061954ae8483fb08,reading-task-config-5,1,7,toml
6682a94b061954ae8483fb08,writing-task-config,5,2,toml
6682a94b061954ae8483fb08,modifying-task-config-1,2,5,toml
6682a94b061954ae8483fb08,modifying-task-config-2,2,6,toml
6682a94b061954ae8483fb08,modifying-task-config-3,1,6,toml
6682a94b061954ae8483fb08,modifying-task-config-4,1,6,toml
6735b2a6112cf17b7b8df8d1,writing-task-NL,1,7,jsonc
6735b2a6112cf17b7b8df8d1,reading-task-config-1,7,2,jsonc
6735b2a6112cf17b7b8df8d1,reading-task-config-2,7,1,jsonc
6735b2a6112cf17b7b8df8d1,reading-task-config-3,6,3,jsonc
6735b2a6112cf17b7b8df8d1,reading-task-config-4,7,1,jsonc
6735b2a6112cf17b7b8df8d1,reading-task-config-5,2,6,jsonc
6735b2a6112cf17b7b8df8d1,writing-task-config,5,2,jsonc
6735b2a6112cf17b7b8df8d1,modifying-task-config-1,6,4,jsonc
6735b2a6112cf17b7b8df8d1,modifying-task-config-2,6,5,jsonc
6735b2a6112cf17b7b8df8d1,modifying-task-config-3,7,1,jsonc
6735b2a6112cf17b7b8df8d1,modifying-task-config-4,7,1,jsonc
67792abbab2fa21bf3644c09,writing-task-NL,2,6,hjson
67792abbab2fa21bf3644c09,reading-task-config-1,2,7,hjson
67792abbab2fa21bf3644c09,reading-task-config-2,5,3,hjson
67792abbab2fa21bf3644c09,reading-task-config-3,4,4,hjson
67792abbab2fa21bf3644c09,reading-task-config-4,4,3,hjson
67792abbab2fa21bf3644c09,reading-task-config-5,2,7,hjson
67792abbab2fa21bf3644c09,writing-task-config,4,4,hjson
67792abbab2fa21bf3644c09,modifying-task-config-1,2,7,hjson
67792abbab2fa21bf3644c09,modifying-task-config-2,2,7,hjson
67792abbab2fa21bf3644c09,modifying-task-config-3,2,6,hjson
67792abbab2fa21bf3644c09,modifying-task-config-4,6,1,hjson
5ea90bb434d5e337e98c7edd,writing-task-NL,1,7,json5
5ea90bb434d5e337e98c7edd,reading-task-config-1,1,7,json5
5ea90bb434d5e337e98c7edd,reading-task-config-2,1,7,json5
5ea90bb434d5e337e98c7edd,reading-task-config-3,1,7,json5
5ea90bb434d5e337e98c7edd,reading-task-config-4,5,4,json5
5ea90bb434d5e337e98c7edd,reading-task-config-5,1,7,json5
5ea90bb434d5e337e98c7edd,writing-task-config,6,3,json5
5ea90bb434d5e337e98c7edd,modifying-task-config-1,3,6,json5
5ea90bb434d5e337e98c7edd,modifying-task-config-2,3,6,json5
5ea90bb434d5e337e98c7edd,modifying-task-config-3,6,2,json5
5ea90bb434d5e337e98c7edd,modifying-task-config-4,6,2,json5
677f8968bbb08bc37c8d2a4b,writing-task-NL,4,7,xml
677f8968bbb08bc37c8d2a4b,reading-task-config-1,4,5,xml
677f8968bbb08bc37c8d2a4b,reading-task-config-2,6,3,xml
677f8968bbb08bc37c8d2a4b,reading-task-config-3,2,2,xml
677f8968bbb08bc37c8d2a4b,reading-task-config-4,1,7,xml
677f8968bbb08bc37c8d2a4b,reading-task-config-5,6,3,xml
677f8968bbb08bc37c8d2a4b,writing-task-config,7,2,xml
677f8968bbb08bc37c8d2a4b,modifying-task-config-1,5,1,xml
677f8968bbb08bc37c8d2a4b,modifying-task-config-2,5,3,xml
677f8968bbb08bc37c8d2a4b,modifying-task-config-3,4,3,xml
677f8968bbb08bc37c8d2a4b,modifying-task-config-4,7,1,xml
672f51ea346fba23ddd5a793,writing-task-NL,2,7,xml
672f51ea346fba23ddd5a793,reading-task-config-1,3,7,xml
672f51ea346fba23ddd5a793,reading-task-config-2,2,7,xml
672f51ea346fba23ddd5a793,reading-task-config-3,2,7,xml
672f51ea346fba23ddd5a793,reading-task-config-4,3,7,xml
672f51ea346fba23ddd5a793,reading-task-config-5,3,7,xml
672f51ea346fba23ddd5a793,writing-task-config,3,7,xml
672f51ea346fba23ddd5a793,modifying-task-config-1,3,7,xml
672f51ea346fba23ddd5a793,modifying-task-config-2,2,6,xml
672f51ea346fba23ddd5a793,modifying-task-config-3,2,7,xml
672f51ea346fba23ddd5a793,modifying-task-config-4,2,7,xml
67d13a1ec91ae2216896de44,writing-task-NL,4,6,json
67d13a1ec91ae2216896de44,reading-task-config-1,4,6,json
67d13a1ec91ae2216896de44,reading-task-config-2,3,7,json
67d13a1ec91ae2216896de44,reading-task-config-3,6,4,json
67d13a1ec91ae2216896de44,reading-task-config-4,3,7,json
67d13a1ec91ae2216896de44,reading-task-config-5,2,7,json
67d13a1ec91ae2216896de44,writing-task-config,3,7,json
67d13a1ec91ae2216896de44,modifying-task-config-1,2,7,json
67d13a1ec91ae2216896de44,modifying-task-config-2,2,7,json
67d13a1ec91ae2216896de44,modifying-task-config-3,2,7,json
67d13a1ec91ae2216896de44,modifying-task-config-4,2,7,json
67bf5ad9c5a4637861cfd21e,writing-task-NL,4,6,toml
67bf5ad9c5a4637861cfd21e,reading-task-config-1,1,7,toml
67bf5ad9c5a4637861cfd21e,reading-task-config-2,1,7,toml
67bf5ad9c5a4637861cfd21e,reading-task-config-3,1,7,toml
67bf5ad9c5a4637861cfd21e,reading-task-config-4,6,4,toml
67bf5ad9c5a4637861cfd21e,reading-task-config-5,2,7,toml
67bf5ad9c5a4637861cfd21e,writing-task-config,7,4,toml
67bf5ad9c5a4637861cfd21e,modifying-task-config-1,4,5,toml
67bf5ad9c5a4637861cfd21e,modifying-task-config-2,5,6,toml
67bf5ad9c5a4637861cfd21e,modifying-task-config-3,4,6,toml
67bf5ad9c5a4637861cfd21e,modifying-task-config-4,6,7,toml
616e5ae706e970fe0aff99b6,writing-task-NL,1,7,hjson
616e5ae706e970fe0aff99b6,reading-task-config-1,1,7,hjson
616e5ae706e970fe0aff99b6,reading-task-config-2,1,7,hjson
616e5ae706e970fe0aff99b6,reading-task-config-3,2,6,hjson
616e5ae706e970fe0aff99b6,reading-task-config-4,4,6,hjson
616e5ae706e970fe0aff99b6,reading-task-config-5,2,7,hjson
616e5ae706e970fe0aff99b6,writing-task-config,5,4,hjson
616e5ae706e970fe0aff99b6,modifying-task-config-1,3,5,hjson
616e5ae706e970fe0aff99b6,modifying-task-config-2,2,6,hjson
616e5ae706e970fe0aff99b6,modifying-task-config-3,2,5,hjson
616e5ae706e970fe0aff99b6,modifying-task-config-4,5,3,hjson
66311bae532a469f4858933e,writing-task-NL,2,7,toml
66311bae532a469f4858933e,reading-task-config-1,1,7,toml
66311bae532a469f4858933e,reading-task-config-2,2,6,toml
66311bae532a469f4858933e,reading-task-config-3,1,7,toml
66311bae532a469f4858933e,reading-task-config-4,2,6,toml
66311bae532a469f4858933e,reading-task-config-5,1,7,toml
66311bae532a469f4858933e,writing-task-config,5,3,toml
66311bae532a469f4858933e,modifying-task-config-1,2,2,toml
66311bae532a469f4858933e,modifying-task-config-2,7,7,toml
66311bae532a469f4858933e,modifying-task-config-3,2,6,toml
66311bae532a469f4858933e,modifying-task-config-4,5,2,toml
669284eabea5b8c9655927da,writing-task-NL,1,7,yaml
669284eabea5b8c9655927da,reading-task-config-1,5,3,yaml
669284eabea5b8c9655927da,reading-task-config-2,2,6,yaml
669284eabea5b8c9655927da,reading-task-config-3,1,7,yaml
669284eabea5b8c9655927da,reading-task-config-4,7,1,yaml
669284eabea5b8c9655927da,reading-task-config-5,1,7,yaml
669284eabea5b8c9655927da,writing-task-config,5,3,yaml
669284eabea5b8c9655927da,modifying-task-config-1,5,4,yaml
669284eabea5b8c9655927da,modifying-task-config-2,6,3,yaml
669284eabea5b8c9655927da,modifying-task-config-3,2,6,yaml
669284eabea5b8c9655927da,modifying-task-config-4,4,3,yaml
67da5ae29f57419143d2b99a,writing-task-NL,1,7,jsonc
67da5ae29f57419143d2b99a,reading-task-config-1,2,5,jsonc
67da5ae29f57419143d2b99a,reading-task-config-2,3,7,jsonc
67da5ae29f57419143d2b99a,reading-task-config-3,3,5,jsonc
67da5ae29f57419143d2b99a,reading-task-config-4,7,3,jsonc
67da5ae29f57419143d2b99a,reading-task-config-5,2,7,jsonc
67da5ae29f57419143d2b99a,writing-task-config,7,2,jsonc
67da5ae29f57419143d2b99a,modifying-task-config-1,7,1,jsonc
67da5ae29f57419143d2b99a,modifying-task-config-2,6,3,jsonc
67da5ae29f57419143d2b99a,modifying-task-config-3,5,4,jsonc
67da5ae29f57419143d2b99a,modifying-task-config-4,7,1,jsonc
68138e7f96395f4c5f3a0a87,writing-task-NL,1,1,json
68138e7f96395f4c5f3a0a87,reading-task-config-1,6,6,json
68138e7f96395f4c5f3a0a87,reading-task-config-2,4,2,json
68138e7f96395f4c5f3a0a87,reading-task-config-3,3,2,json
68138e7f96395f4c5f3a0a87,reading-task-config-4,7,1,json
68138e7f96395f4c5f3a0a87,reading-task-config-5,3,3,json
68138e7f96395f4c5f3a0a87,writing-task-config,7,1,json
68138e7f96395f4c5f3a0a87,modifying-task-config-1,7,1,json
68138e7f96395f4c5f3a0a87,modifying-task-config-2,6,2,json
68138e7f96395f4c5f3a0a87,modifying-task-config-3,3,3,json
68138e7f96395f4c5f3a0a87,modifying-task-config-4,3,3,json
66684beba2a2d24645a6d782,writing-task-NL,1,7,jsonc
66684beba2a2d24645a6d782,reading-task-config-1,7,1,jsonc
66684beba2a2d24645a6d782,reading-task-config-2,1,7,jsonc
66684beba2a2d24645a6d782,reading-task-config-3,1,7,jsonc
66684beba2a2d24645a6d782,reading-task-config-4,7,1,jsonc
66684beba2a2d24645a6d782,reading-task-config-5,1,7,jsonc
66684beba2a2d24645a6d782,writing-task-config,7,1,jsonc
66684beba2a2d24645a6d782,modifying-task-config-1,1,7,jsonc
66684beba2a2d24645a6d782,modifying-task-config-2,1,7,jsonc
66684beba2a2d24645a6d782,modifying-task-config-3,7,1,jsonc
66684beba2a2d24645a6d782,modifying-task-config-4,7,1,jsonc
660eafee7515c432e850362d,writing-task-NL,7,7,hjson
660eafee7515c432e850362d,reading-task-config-1,4,4,hjson
660eafee7515c432e850362d,reading-task-config-2,3,4,hjson
660eafee7515c432e850362d,reading-task-config-3,4,4,hjson
660eafee7515c432e850362d,reading-task-config-4,4,4,hjson
660eafee7515c432e850362d,reading-task-config-5,4,4,hjson
660eafee7515c432e850362d,writing-task-config,3,3,hjson
660eafee7515c432e850362d,modifying-task-config-1,6,3,hjson
660eafee7515c432e850362d,modifying-task-config-2,6,3,hjson
660eafee7515c432e850362d,modifying-task-config-3,4,3,hjson
660eafee7515c432e850362d,modifying-task-config-4,4,3,hjson
62d7fef5538b81f205ba4656,writing-task-NL,1,7,xml
62d7fef5538b81f205ba4656,reading-task-config-1,1,7,xml
62d7fef5538b81f205ba4656,reading-task-config-2,1,7,xml
62d7fef5538b81f205ba4656,reading-task-config-3,1,7,xml
62d7fef5538b81f205ba4656,reading-task-config-4,1,7,xml
62d7fef5538b81f205ba4656,reading-task-config-5,1,7,xml
62d7fef5538b81f205ba4656,writing-task-config,3,5,xml
62d7fef5538b81f205ba4656,modifying-task-config-1,5,4,xml
62d7fef5538b81f205ba4656,modifying-task-config-2,2,5,xml
62d7fef5538b81f205ba4656,modifying-task-config-3,1,7,xml
62d7fef5538b81f205ba4656,modifying-task-config-4,1,5,xml
67caa7fe00179edfb74d3e1a,writing-task-NL,1,7,json5
67caa7fe00179edfb74d3e1a,reading-task-config-1,5,6,json5
67caa7fe00179edfb74d3e1a,reading-task-config-2,3,5,json5
67caa7fe00179edfb74d3e1a,reading-task-config-3,2,5,json5
67caa7fe00179edfb74d3e1a,reading-task-config-4,3,5,json5
67caa7fe00179edfb74d3e1a,reading-task-config-5,3,4,json5
67caa7fe00179edfb74d3e1a,writing-task-config,6,3,json5
67caa7fe00179edfb74d3e1a,modifying-task-config-1,4,2,json5
67caa7fe00179edfb74d3e1a,modifying-task-config-2,4,4,json5
67caa7fe00179edfb74d3e1a,modifying-task-config-3,7,1,json5
67caa7fe00179edfb74d3e1a,modifying-task-config-4,4,2,json5
65fae23bd06ae76bcc297e8b,writing-task-NL,3,6,hjson
65fae23bd06ae76bcc297e8b,reading-task-config-1,5,6,hjson
65fae23bd06ae76bcc297e8b,reading-task-config-2,4,6,hjson
65fae23bd06ae76bcc297e8b,reading-task-config-3,3,7,hjson
65fae23bd06ae76bcc297e8b,reading-task-config-4,6,6,hjson
65fae23bd06ae76bcc297e8b,reading-task-config-5,3,6,hjson
65fae23bd06ae76bcc297e8b,writing-task-config,7,5,hjson
65fae23bd06ae76bcc297e8b,modifying-task-config-1,6,5,hjson
65fae23bd06ae76bcc297e8b,modifying-task-config-2,7,5,hjson
65fae23bd06ae76bcc297e8b,modifying-task-config-3,5,5,hjson
65fae23bd06ae76bcc297e8b,modifying-task-config-4,7,3,hjson
588ab33542c8e900019d02ae,writing-task-NL,3,4,jsonc
588ab33542c8e900019d02ae,reading-task-config-1,1,4,jsonc
588ab33542c8e900019d02ae,reading-task-config-2,2,5,jsonc
588ab33542c8e900019d02ae,reading-task-config-3,2,5,jsonc
588ab33542c8e900019d02ae,reading-task-config-4,6,1,jsonc
588ab33542c8e900019d02ae,reading-task-config-5,2,6,jsonc
588ab33542c8e900019d02ae,writing-task-config,7,1,jsonc
588ab33542c8e900019d02ae,modifying-task-config-1,7,1,jsonc
588ab33542c8e900019d02ae,modifying-task-config-2,7,1,jsonc
588ab33542c8e900019d02ae,modifying-task-config-3,2,6,jsonc
588ab33542c8e900019d02ae,modifying-task-config-4,7,1,jsonc
67f4ea448eb6a2b293c1f2fc,writing-task-NL,1,1,json
67f4ea448eb6a2b293c1f2fc,reading-task-config-1,2,6,json
67f4ea448eb6a2b293c1f2fc,reading-task-config-2,2,6,json
67f4ea448eb6a2b293c1f2fc,reading-task-config-3,3,5,json
67f4ea448eb6a2b293c1f2fc,reading-task-config-4,4,5,json
67f4ea448eb6a2b293c1f2fc,reading-task-config-5,3,5,json
67f4ea448eb6a2b293c1f2fc,writing-task-config,7,3,json
67f4ea448eb6a2b293c1f2fc,modifying-task-config-1,6,1,json
67f4ea448eb6a2b293c1f2fc,modifying-task-config-2,2,6,json
67f4ea448eb6a2b293c1f2fc,modifying-task-config-3,4,4,json
67f4ea448eb6a2b293c1f2fc,modifying-task-config-4,7,1,json
65f4ab7884f8411c9e11a34e,writing-task-NL,2,7,json5
65f4ab7884f8411c9e11a34e,reading-task-config-1,5,5,json5
65f4ab7884f8411c9e11a34e,reading-task-config-2,6,5,json5
65f4ab7884f8411c9e11a34e,reading-task-config-3,3,6,json5
65f4ab7884f8411c9e11a34e,reading-task-config-4,5,4,json5
65f4ab7884f8411c9e11a34e,reading-task-config-5,3,5,json5
65f4ab7884f8411c9e11a34e,writing-task-config,7,2,json5
65f4ab7884f8411c9e11a34e,modifying-task-config-1,3,6,json5
65f4ab7884f8411c9e11a34e,modifying-task-config-2,5,4,json5
65f4ab7884f8411c9e11a34e,modifying-task-config-3,3,4,json5
65f4ab7884f8411c9e11a34e,modifying-task-config-4,4,4,json5
611d0afbb2a19acfd012545b,writing-task-NL,1,7,toml
611d0afbb2a19acfd012545b,reading-task-config-1,1,7,toml
611d0afbb2a19acfd012545b,reading-task-config-2,1,7,toml
611d0afbb2a19acfd012545b,reading-task-config-3,3,5,toml
611d0afbb2a19acfd012545b,reading-task-config-4,7,3,toml
611d0afbb2a19acfd012545b,reading-task-config-5,1,7,toml
611d0afbb2a19acfd012545b,writing-task-config,7,1,toml
611d0afbb2a19acfd012545b,modifying-task-config-1,1,6,toml
611d0afbb2a19acfd012545b,modifying-task-config-2,3,5,toml
611d0afbb2a19acfd012545b,modifying-task-config-3,3,5,toml
611d0afbb2a19acfd012545b,modifying-task-config-4,7,1,toml
67406c1303bd39d206ff2b50,writing-task-NL,2,7,xml
67406c1303bd39d206ff2b50,reading-task-config-1,4,6,xml
67406c1303bd39d206ff2b50,reading-task-config-2,1,7,xml
67406c1303bd39d206ff2b50,reading-task-config-3,5,5,xml
67406c1303bd39d206ff2b50,reading-task-config-4,7,2,xml
67406c1303bd39d206ff2b50,reading-task-config-5,1,7,xml
67406c1303bd39d206ff2b50,writing-task-config,7,1,xml
67406c1303bd39d206ff2b50,modifying-task-config-1,5,5,xml
67406c1303bd39d206ff2b50,modifying-task-config-2,5,3,xml
67406c1303bd39d206ff2b50,modifying-task-config-3,2,6,xml
67406c1303bd39d206ff2b50,modifying-task-config-4,5,3,xml
61601e9a6b8306196d2a129c,writing-task-NL,1,7,hjson
61601e9a6b8306196d2a129c,reading-task-config-1,1,7,hjson
61601e9a6b8306196d2a129c,reading-task-config-2,1,7,hjson
61601e9a6b8306196d2a129c,reading-task-config-3,1,7,hjson
61601e9a6b8306196d2a129c,reading-task-config-4,2,6,hjson
61601e9a6b8306196d2a129c,reading-task-config-5,1,7,hjson
61601e9a6b8306196d2a129c,writing-task-config,5,3,hjson
61601e9a6b8306196d2a129c,modifying-task-config-1,4,6,hjson
61601e9a6b8306196d2a129c,modifying-task-config-2,2,5,hjson
61601e9a6b8306196d2a129c,modifying-task-config-3,4,5,hjson
61601e9a6b8306196d2a129c,modifying-task-config-4,5,5,hjson
65fad6c874ac75642ffc254b,writing-task-NL,2,7,hjson
65fad6c874ac75642ffc254b,reading-task-config-1,1,7,hjson
65fad6c874ac75642ffc254b,reading-task-config-2,1,7,hjson
65fad6c874ac75642ffc254b,reading-task-config-3,2,6,hjson
65fad6c874ac75642ffc254b,reading-task-config-4,1,7,hjson
65fad6c874ac75642ffc254b,reading-task-config-5,3,7,hjson
65fad6c874ac75642ffc254b,writing-task-config,7,3,hjson
65fad6c874ac75642ffc254b,modifying-task-config-1,4,5,hjson
65fad6c874ac75642ffc254b,modifying-task-config-2,2,7,hjson
65fad6c874ac75642ffc254b,modifying-task-config-3,1,7,hjson
65fad6c874ac75642ffc254b,modifying-task-config-4,3,6,hjson
606c7d27f4f3ae688332a55d,writing-task-NL,1,6,toml
606c7d27f4f3ae688332a55d,reading-task-config-1,1,7,toml
606c7d27f4f3ae688332a55d,reading-task-config-2,1,7,toml
606c7d27f4f3ae688332a55d,reading-task-config-3,1,7,toml
606c7d27f4f3ae688332a55d,reading-task-config-4,3,4,toml
606c7d27f4f3ae688332a55d,reading-task-config-5,1,7,toml
606c7d27f4f3ae688332a55d,writing-task-config,5,2,toml
606c7d27f4f3ae688332a55d,modifying-task-config-1,2,5,toml
606c7d27f4f3ae688332a55d,modifying-task-config-2,1,7,toml
606c7d27f4f3ae688332a55d,modifying-task-config-3,2,5,toml
606c7d27f4f3ae688332a55d,modifying-task-config-4,3,6,toml
67f66486e35051403284eb5e,writing-task-NL,1,7,xml
67f66486e35051403284eb5e,reading-task-config-1,5,5,xml
67f66486e35051403284eb5e,reading-task-config-2,4,1,xml
67f66486e35051403284eb5e,reading-task-config-3,4,4,xml
67f66486e35051403284eb5e,reading-task-config-4,4,2,xml
67f66486e35051403284eb5e,reading-task-config-5,4,5,xml
67f66486e35051403284eb5e,writing-task-config,6,1,xml
67f66486e35051403284eb5e,modifying-task-config-1,7,1,xml
67f66486e35051403284eb5e,modifying-task-config-2,7,1,xml
67f66486e35051403284eb5e,modifying-task-config-3,7,2,xml
67f66486e35051403284eb5e,modifying-task-config-4,7,1,xml
67a8fa10b4db1990f7372f01,writing-task-NL,2,6,json5
67a8fa10b4db1990f7372f01,reading-task-config-1,4,6,json5
67a8fa10b4db1990f7372f01,reading-task-config-2,5,5,json5
67a8fa10b4db1990f7372f01,reading-task-config-3,2,6,json5
67a8fa10b4db1990f7372f01,reading-task-config-4,3,6,json5
67a8fa10b4db1990f7372f01,reading-task-config-5,2,6,json5
67a8fa10b4db1990f7372f01,writing-task-config,7,4,json5
67a8fa10b4db1990f7372f01,modifying-task-config-1,1,6,json5
67a8fa10b4db1990f7372f01,modifying-task-config-2,7,5,json5
67a8fa10b4db1990f7372f01,modifying-task-config-3,3,6,json5
67a8fa10b4db1990f7372f01,modifying-task-config-4,3,6,json5
6094ce8d0764c24f352d1fe5,writing-task-NL,1,7,hjson
6094ce8d0764c24f352d1fe5,reading-task-config-1,1,7,hjson
6094ce8d0764c24f352d1fe5,reading-task-config-2,3,5,hjson
6094ce8d0764c24f352d1fe5,reading-task-config-3,1,7,hjson
6094ce8d0764c24f352d1fe5,reading-task-config-4,2,6,hjson
6094ce8d0764c24f352d1fe5,reading-task-config-5,1,7,hjson
6094ce8d0764c24f352d1fe5,writing-task-config,6,2,hjson
6094ce8d0764c24f352d1fe5,modifying-task-config-1,3,4,hjson
6094ce8d0764c24f352d1fe5,modifying-task-config-2,1,7,hjson
6094ce8d0764c24f352d1fe5,modifying-task-config-3,1,7,hjson
6094ce8d0764c24f352d1fe5,modifying-task-config-4,5,1,hjson
6715c7aedee148c65c10509c,writing-task-NL,2,7,yaml
6715c7aedee148c65c10509c,reading-task-config-1,4,6,yaml
6715c7aedee148c65c10509c,reading-task-config-2,5,3,yaml
6715c7aedee148c65c10509c,reading-task-config-3,3,6,yaml
6715c7aedee148c65c10509c,reading-task-config-4,4,5,yaml
6715c7aedee148c65c10509c,reading-task-config-5,2,6,yaml
6715c7aedee148c65c10509c,writing-task-config,6,5,yaml
6715c7aedee148c65c10509c,modifying-task-config-1,5,7,yaml
6715c7aedee148c65c10509c,modifying-task-config-2,4,6,yaml
6715c7aedee148c65c10509c,modifying-task-config-3,4,5,yaml
6715c7aedee148c65c10509c,modifying-task-config-4,6,3,yaml
664e413a5f3eb7f99d90e15b,writing-task-NL,4,6,json
664e413a5f3eb7f99d90e15b,reading-task-config-1,4,6,json
664e413a5f3eb7f99d90e15b,reading-task-config-2,4,6,json
664e413a5f3eb7f99d90e15b,reading-task-config-3,5,6,json
664e413a5f3eb7f99d90e15b,reading-task-config-4,6,4,json
664e413a5f3eb7f99d90e15b,reading-task-config-5,5,5,json
664e413a5f3eb7f99d90e15b,writing-task-config,7,5,json
664e413a5f3eb7f99d90e15b,modifying-task-config-1,5,5,json
664e413a5f3eb7f99d90e15b,modifying-task-config-2,6,6,json
664e413a5f3eb7f99d90e15b,modifying-task-config-3,6,6,json
664e413a5f3eb7f99d90e15b,modifying-task-config-4,7,2,json
65fb13bebfa339f73b4cf76a,writing-task-NL,1,1,jsonc
65fb13bebfa339f73b4cf76a,reading-task-config-1,7,5,jsonc
65fb13bebfa339f73b4cf76a,reading-task-config-2,7,2,jsonc
65fb13bebfa339f73b4cf76a,reading-task-config-3,6,5,jsonc
65fb13bebfa339f73b4cf76a,reading-task-config-4,7,2,jsonc
65fb13bebfa339f73b4cf76a,reading-task-config-5,7,3,jsonc
65fb13bebfa339f73b4cf76a,writing-task-config,7,4,jsonc
65fb13bebfa339f73b4cf76a,modifying-task-config-1,6,5,jsonc
65fb13bebfa339f73b4cf76a,modifying-task-config-2,7,3,jsonc
65fb13bebfa339f73b4cf76a,modifying-task-config-3,5,4,jsonc
65fb13bebfa339f73b4cf76a,modifying-task-config-4,7,5,jsonc
65fb236a5a78fcf672df7469,writing-task-NL,2,7,json
65fb236a5a78fcf672df7469,reading-task-config-1,6,6,json
65fb236a5a78fcf672df7469,reading-task-config-2,7,4,json
65fb236a5a78fcf672df7469,reading-task-config-3,5,5,json
65fb236a5a78fcf672df7469,reading-task-config-4,6,4,json
65fb236a5a78fcf672df7469,reading-task-config-5,2,6,json
65fb236a5a78fcf672df7469,writing-task-config,7,4,json
65fb236a5a78fcf672df7469,modifying-task-config-1,2,6,json
65fb236a5a78fcf672df7469,modifying-task-config-2,3,6,json
65fb236a5a78fcf672df7469,modifying-task-config-3,2,6,json
65fb236a5a78fcf672df7469,modifying-task-config-4,3,6,json
60f7c71d1cffec381351b0b3,writing-task-NL,2,6,xml
60f7c71d1cffec381351b0b3,reading-task-config-1,6,2,xml
60f7c71d1cffec381351b0b3,reading-task-config-2,6,2,xml
60f7c71d1cffec381351b0b3,reading-task-config-3,5,3,xml
60f7c71d1cffec381351b0b3,reading-task-config-4,7,1,xml
60f7c71d1cffec381351b0b3,reading-task-config-5,1,6,xml
60f7c71d1cffec381351b0b3,writing-task-config,7,1,xml
60f7c71d1cffec381351b0b3,modifying-task-config-1,5,1,xml
60f7c71d1cffec381351b0b3,modifying-task-config-2,7,2,xml
60f7c71d1cffec381351b0b3,modifying-task-config-3,5,4,xml
60f7c71d1cffec381351b0b3,modifying-task-config-4,7,1,xml
675330fb23080b9ae3ec8239,writing-task-NL,2,6,json5
675330fb23080b9ae3ec8239,reading-task-config-1,6,5,json5
675330fb23080b9ae3ec8239,reading-task-config-2,3,5,json5
675330fb23080b9ae3ec8239,reading-task-config-3,4,6,json5
675330fb23080b9ae3ec8239,reading-task-config-4,5,6,json5
675330fb23080b9ae3ec8239,reading-task-config-5,2,6,json5
675330fb23080b9ae3ec8239,writing-task-config,7,5,json5
675330fb23080b9ae3ec8239,modifying-task-config-1,2,6,json5
675330fb23080b9ae3ec8239,modifying-task-config-2,6,3,json5
675330fb23080b9ae3ec8239,modifying-task-config-3,2,6,json5
675330fb23080b9ae3ec8239,modifying-task-config-4,2,6,json5
671e39c25e5e3f340a6f21d4,writing-task-NL,2,5,jsonc
671e39c25e5e3f340a6f21d4,reading-task-config-1,4,6,jsonc
671e39c25e5e3f340a6f21d4,reading-task-config-2,6,6,jsonc
671e39c25e5e3f340a6f21d4,reading-task-config-3,5,6,jsonc
671e39c25e5e3f340a6f21d4,reading-task-config-4,5,4,jsonc
671e39c25e5e3f340a6f21d4,reading-task-config-5,1,7,jsonc
671e39c25e5e3f340a6f21d4,writing-task-config,7,3,jsonc
671e39c25e5e3f340a6f21d4,modifying-task-config-1,6,6,jsonc
671e39c25e5e3f340a6f21d4,modifying-task-config-2,7,1,jsonc
671e39c25e5e3f340a6f21d4,modifying-task-config-3,3,5,jsonc
671e39c25e5e3f340a6f21d4,modifying-task-config-4,4,6,jsonc
5fb4fcd1fce53c30649dd704,writing-task-NL,2,6,xml
5fb4fcd1fce53c30649dd704,reading-task-config-1,6,4,xml
5fb4fcd1fce53c30649dd704,reading-task-config-2,6,4,xml
5fb4fcd1fce53c30649dd704,reading-task-config-3,6,4,xml
5fb4fcd1fce53c30649dd704,reading-task-config-4,6,4,xml
5fb4fcd1fce53c30649dd704,reading-task-config-5,6,4,xml
5fb4fcd1fce53c30649dd704,writing-task-config,6,4,xml
5fb4fcd1fce53c30649dd704,modifying-task-config-1,7,1,xml
5fb4fcd1fce53c30649dd704,modifying-task-config-2,7,1,xml
5fb4fcd1fce53c30649dd704,modifying-task-config-3,7,1,xml
5fb4fcd1fce53c30649dd704,modifying-task-config-4,7,1,xml
67d0251c804fc17732eb948a,writing-task-NL,2,6,toml
67d0251c804fc17732eb948a,reading-task-config-1,5,5,toml
67d0251c804fc17732eb948a,reading-task-config-2,4,5,toml
67d0251c804fc17732eb948a,reading-task-config-3,3,6,toml
67d0251c804fc17732eb948a,reading-task-config-4,7,1,toml
67d0251c804fc17732eb948a,reading-task-config-5,3,5,toml
67d0251c804fc17732eb948a,writing-task-config,7,4,toml
67d0251c804fc17732eb948a,modifying-task-config-1,5,4,toml
67d0251c804fc17732eb948a,modifying-task-config-2,5,6,toml
67d0251c804fc17732eb948a,modifying-task-config-3,4,5,toml
67d0251c804fc17732eb948a,modifying-task-config-4,7,5,toml
67d11644421446068e1fec14,writing-task-NL,3,7,toml
67d11644421446068e1fec14,reading-task-config-1,2,7,toml
67d11644421446068e1fec14,reading-task-config-2,2,7,toml
67d11644421446068e1fec14,reading-task-config-3,2,7,toml
67d11644421446068e1fec14,reading-task-config-4,1,7,toml
67d11644421446068e1fec14,reading-task-config-5,1,7,toml
67d11644421446068e1fec14,writing-task-config,3,6,toml
67d11644421446068e1fec14,modifying-task-config-1,1,7,toml
67d11644421446068e1fec14,modifying-task-config-2,1,7,toml
67d11644421446068e1fec14,modifying-task-config-3,1,7,toml
67d11644421446068e1fec14,modifying-task-config-4,2,7,toml
67d0088c269b3e96d9ba6019,writing-task-NL,1,6,hjson
67d0088c269b3e96d9ba6019,reading-task-config-1,4,4,hjson
67d0088c269b3e96d9ba6019,reading-task-config-2,1,7,hjson
67d0088c269b3e96d9ba6019,reading-task-config-3,1,7,hjson
67d0088c269b3e96d9ba6019,reading-task-config-4,6,3,hjson
67d0088c269b3e96d9ba6019,reading-task-config-5,3,5,hjson
67d0088c269b3e96d9ba6019,writing-task-config,7,3,hjson
67d0088c269b3e96d9ba6019,modifying-task-config-1,5,3,hjson
67d0088c269b3e96d9ba6019,modifying-task-config-2,1,7,hjson
67d0088c269b3e96d9ba6019,modifying-task-config-3,7,1,hjson
67d0088c269b3e96d9ba6019,modifying-task-config-4,7,1,hjson
678a94ff1cf9f0775cb89e69,writing-task-NL,1,7,hjson
678a94ff1cf9f0775cb89e69,reading-task-config-1,7,2,hjson
678a94ff1cf9f0775cb89e69,reading-task-config-2,7,1,hjson
678a94ff1cf9f0775cb89e69,reading-task-config-3,7,2,hjson
678a94ff1cf9f0775cb89e69,reading-task-config-4,7,2,hjson
678a94ff1cf9f0775cb89e69,reading-task-config-5,7,2,hjson
678a94ff1cf9f0775cb89e69,writing-task-config,4,7,hjson
678a94ff1cf9f0775cb89e69,modifying-task-config-1,7,1,hjson
678a94ff1cf9f0775cb89e69,modifying-task-config-2,7,2,hjson
678a94ff1cf9f0775cb89e69,modifying-task-config-3,7,1,hjson
678a94ff1cf9f0775cb89e69,modifying-task-config-4,7,2,hjson
67176f0792ed8c4064f61a2c,writing-task-NL,1,7,json
67176f0792ed8c4064f61a2c,reading-task-config-1,1,7,json
67176f0792ed8c4064f61a2c,reading-task-config-2,1,7,json
67176f0792ed8c4064f61a2c,reading-task-config-3,1,6,json
67176f0792ed8c4064f61a2c,reading-task-config-4,4,6,json
67176f0792ed8c4064f61a2c,reading-task-config-5,1,7,json
67176f0792ed8c4064f61a2c,writing-task-config,7,2,json
67176f0792ed8c4064f61a2c,modifying-task-config-1,4,5,json
67176f0792ed8c4064f61a2c,modifying-task-config-2,2,5,json
67176f0792ed8c4064f61a2c,modifying-task-config-3,1,4,json
67176f0792ed8c4064f61a2c,modifying-task-config-4,7,1,json
678526627e48ded12935af38,writing-task-NL,2,2,yaml
678526627e48ded12935af38,reading-task-config-1,2,6,yaml
678526627e48ded12935af38,reading-task-config-2,2,6,yaml
678526627e48ded12935af38,reading-task-config-3,2,6,yaml
678526627e48ded12935af38,reading-task-config-4,7,1,yaml
678526627e48ded12935af38,reading-task-config-5,1,7,yaml
678526627e48ded12935af38,writing-task-config,5,4,yaml
678526627e48ded12935af38,modifying-task-config-1,1,6,yaml
678526627e48ded12935af38,modifying-task-config-2,3,5,yaml
678526627e48ded12935af38,modifying-task-config-3,3,5,yaml
678526627e48ded12935af38,modifying-task-config-4,2,6,yaml
6738d09a032bf7224008ce7e,writing-task-NL,1,7,yaml
6738d09a032bf7224008ce7e,reading-task-config-1,3,7,yaml
6738d09a032bf7224008ce7e,reading-task-config-2,6,7,yaml
6738d09a032bf7224008ce7e,reading-task-config-3,6,6,yaml
6738d09a032bf7224008ce7e,reading-task-config-4,3,5,yaml
6738d09a032bf7224008ce7e,reading-task-config-5,5,4,yaml
6738d09a032bf7224008ce7e,writing-task-config,6,7,yaml
6738d09a032bf7224008ce7e,modifying-task-config-1,4,6,yaml
6738d09a032bf7224008ce7e,modifying-task-config-2,6,7,yaml
6738d09a032bf7224008ce7e,modifying-task-config-3,6,7,yaml
6738d09a032bf7224008ce7e,modifying-task-config-4,6,6,yaml
62d6d87d91cf24a3c1c0f10c,writing-task-NL,1,7,hjson
62d6d87d91cf24a3c1c0f10c,reading-task-config-1,1,7,hjson
62d6d87d91cf24a3c1c0f10c,reading-task-config-2,2,5,hjson
62d6d87d91cf24a3c1c0f10c,reading-task-config-3,1,6,hjson
62d6d87d91cf24a3c1c0f10c,reading-task-config-4,4,4,hjson
62d6d87d91cf24a3c1c0f10c,reading-task-config-5,1,7,hjson
62d6d87d91cf24a3c1c0f10c,writing-task-config,6,1,hjson
62d6d87d91cf24a3c1c0f10c,modifying-task-config-1,6,5,hjson
62d6d87d91cf24a3c1c0f10c,modifying-task-config-2,2,6,hjson
62d6d87d91cf24a3c1c0f10c,modifying-task-config-3,4,3,hjson
62d6d87d91cf24a3c1c0f10c,modifying-task-config-4,6,2,hjson
67c6ed1e12728e4fe7a1edf6,writing-task-NL,1,7,jsonc
67c6ed1e12728e4fe7a1edf6,reading-task-config-1,6,5,jsonc
67c6ed1e12728e4fe7a1edf6,reading-task-config-2,6,6,jsonc
67c6ed1e12728e4fe7a1edf6,reading-task-config-3,2,7,jsonc
67c6ed1e12728e4fe7a1edf6,reading-task-config-4,3,6,jsonc
67c6ed1e12728e4fe7a1edf6,reading-task-config-5,6,4,jsonc
67c6ed1e12728e4fe7a1edf6,writing-task-config,6,4,jsonc
67c6ed1e12728e4fe7a1edf6,modifying-task-config-1,7,4,jsonc
67c6ed1e12728e4fe7a1edf6,modifying-task-config-2,7,4,jsonc
67c6ed1e12728e4fe7a1edf6,modifying-task-config-3,6,7,jsonc
67c6ed1e12728e4fe7a1edf6,modifying-task-config-4,3,6,jsonc
672b5998daafdbf9c43a531b,writing-task-NL,1,7,jsonc
672b5998daafdbf9c43a531b,reading-task-config-1,7,7,jsonc
672b5998daafdbf9c43a531b,reading-task-config-2,7,7,jsonc
672b5998daafdbf9c43a531b,reading-task-config-3,4,4,jsonc
672b5998daafdbf9c43a531b,reading-task-config-4,4,4,jsonc
672b5998daafdbf9c43a531b,reading-task-config-5,4,4,jsonc
672b5998daafdbf9c43a531b,writing-task-config,7,7,jsonc
672b5998daafdbf9c43a531b,modifying-task-config-1,7,4,jsonc
672b5998daafdbf9c43a531b,modifying-task-config-2,7,2,jsonc
672b5998daafdbf9c43a531b,modifying-task-config-3,7,1,jsonc
672b5998daafdbf9c43a531b,modifying-task-config-4,7,1,jsonc
5795af044a84da00014c5df1,writing-task-NL,2,6,json
5795af044a84da00014c5df1,reading-task-config-1,1,7,json
5795af044a84da00014c5df1,reading-task-config-2,1,7,json
5795af044a84da00014c5df1,reading-task-config-3,1,7,json
5795af044a84da00014c5df1,reading-task-config-4,7,1,json
5795af044a84da00014c5df1,reading-task-config-5,1,7,json
5795af044a84da00014c5df1,writing-task-config,5,6,json
5795af044a84da00014c5df1,modifying-task-config-1,1,7,json
5795af044a84da00014c5df1,modifying-task-config-2,5,6,json
5795af044a84da00014c5df1,modifying-task-config-3,5,6,json
5795af044a84da00014c5df1,modifying-task-config-4,3,7,json
65298aca34ac384b783169d4,writing-task-NL,5,7,jsonc
65298aca34ac384b783169d4,reading-task-config-1,6,5,jsonc
65298aca34ac384b783169d4,reading-task-config-2,4,6,jsonc
65298aca34ac384b783169d4,reading-task-config-3,6,5,jsonc
65298aca34ac384b783169d4,reading-task-config-4,6,4,jsonc
65298aca34ac384b783169d4,reading-task-config-5,5,6,jsonc
65298aca34ac384b783169d4,writing-task-config,7,4,jsonc
65298aca34ac384b783169d4,modifying-task-config-1,7,3,jsonc
65298aca34ac384b783169d4,modifying-task-config-2,4,5,jsonc
65298aca34ac384b783169d4,modifying-task-config-3,4,4,jsonc
65298aca34ac384b783169d4,modifying-task-config-4,4,4,jsonc
681374d36d7bd7ccb6f914f5,writing-task-NL,1,7,json5
681374d36d7bd7ccb6f914f5,reading-task-config-1,1,7,json5
681374d36d7bd7ccb6f914f5,reading-task-config-2,1,7,json5
681374d36d7bd7ccb6f914f5,reading-task-config-3,1,7,json5
681374d36d7bd7ccb6f914f5,reading-task-config-4,2,6,json5
681374d36d7bd7ccb6f914f5,reading-task-config-5,1,7,json5
681374d36d7bd7ccb6f914f5,writing-task-config,1,7,json5
681374d36d7bd7ccb6f914f5,modifying-task-config-1,1,7,json5
681374d36d7bd7ccb6f914f5,modifying-task-config-2,1,7,json5
681374d36d7bd7ccb6f914f5,modifying-task-config-3,2,6,json5
681374d36d7bd7ccb6f914f5,modifying-task-config-4,1,7,json5
61287939bc5a971fc15333e4,writing-task-NL,1,6,json
61287939bc5a971fc15333e4,reading-task-config-1,1,5,json
61287939bc5a971fc15333e4,reading-task-config-2,1,7,json
61287939bc5a971fc15333e4,reading-task-config-3,1,7,json
61287939bc5a971fc15333e4,reading-task-config-4,1,7,json
61287939bc5a971fc15333e4,reading-task-config-5,1,7,json
61287939bc5a971fc15333e4,writing-task-config,7,2,json
61287939bc5a971fc15333e4,modifying-task-config-1,1,7,json
61287939bc5a971fc15333e4,modifying-task-config-2,1,3,json
61287939bc5a971fc15333e4,modifying-task-config-3,3,3,json
61287939bc5a971fc15333e4,modifying-task-config-4,2,2,json
65feaaac53eb219f09ad5ea0,writing-task-NL,1,7,toml
65feaaac53eb219f09ad5ea0,reading-task-config-1,2,6,toml
65feaaac53eb219f09ad5ea0,reading-task-config-2,3,7,toml
65feaaac53eb219f09ad5ea0,reading-task-config-3,2,7,toml
65feaaac53eb219f09ad5ea0,reading-task-config-4,5,4,toml
65feaaac53eb219f09ad5ea0,reading-task-config-5,1,7,toml
65feaaac53eb219f09ad5ea0,writing-task-config,7,4,toml
65feaaac53eb219f09ad5ea0,modifying-task-config-1,2,7,toml
65feaaac53eb219f09ad5ea0,modifying-task-config-2,7,5,toml
65feaaac53eb219f09ad5ea0,modifying-task-config-3,2,7,toml
65feaaac53eb219f09ad5ea0,modifying-task-config-4,4,3,toml
5755c957eb80c4000741a9ce,writing-task-NL,1,7,json5
5755c957eb80c4000741a9ce,reading-task-config-1,1,7,json5
5755c957eb80c4000741a9ce,reading-task-config-2,1,7,json5
5755c957eb80c4000741a9ce,reading-task-config-3,1,7,json5
5755c957eb80c4000741a9ce,reading-task-config-4,4,6,json5
5755c957eb80c4000741a9ce,reading-task-config-5,2,7,json5
5755c957eb80c4000741a9ce,writing-task-config,3,5,json5
5755c957eb80c4000741a9ce,modifying-task-config-1,2,7,json5
5755c957eb80c4000741a9ce,modifying-task-config-2,3,7,json5
5755c957eb80c4000741a9ce,modifying-task-config-3,2,6,json5
5755c957eb80c4000741a9ce,modifying-task-config-4,2,6,json5
6693d3ae2bd15cf7a058e6a7,writing-task-NL,1,7,json5
6693d3ae2bd15cf7a058e6a7,reading-task-config-1,5,7,json5
6693d3ae2bd15cf7a058e6a7,reading-task-config-2,1,7,json5
6693d3ae2bd15cf7a058e6a7,reading-task-config-3,2,6,json5
6693d3ae2bd15cf7a058e6a7,reading-task-config-4,1,7,json5
6693d3ae2bd15cf7a058e6a7,reading-task-config-5,1,7,json5
6693d3ae2bd15cf7a058e6a7,writing-task-config,7,3,json5
6693d3ae2bd15cf7a058e6a7,modifying-task-config-1,1,7,json5
6693d3ae2bd15cf7a058e6a7,modifying-task-config-2,1,7,json5
6693d3ae2bd15cf7a058e6a7,modifying-task-config-3,1,7,json5
6693d3ae2bd15cf7a058e6a7,modifying-task-config-4,1,7,json5
60e2bf0aa568b97e8d525872,writing-task-NL,5,6,toml
60e2bf0aa568b97e8d525872,reading-task-config-1,7,1,toml
60e2bf0aa568b97e8d525872,reading-task-config-2,7,2,toml
60e2bf0aa568b97e8d525872,reading-task-config-3,6,2,toml
60e2bf0aa568b97e8d525872,reading-task-config-4,7,3,toml
60e2bf0aa568b97e8d525872,reading-task-config-5,2,6,toml
60e2bf0aa568b97e8d525872,writing-task-config,7,1,toml
60e2bf0aa568b97e8d525872,modifying-task-config-1,4,4,toml
60e2bf0aa568b97e8d525872,modifying-task-config-2,7,2,toml
60e2bf0aa568b97e8d525872,modifying-task-config-3,6,3,toml
60e2bf0aa568b97e8d525872,modifying-task-config-4,7,1,toml
67d24179c5bd87691f1fe036,writing-task-NL,1,7,yaml
67d24179c5bd87691f1fe036,reading-task-config-1,1,6,yaml
67d24179c5bd87691f1fe036,reading-task-config-2,2,6,yaml
67d24179c5bd87691f1fe036,reading-task-config-3,2,6,yaml
67d24179c5bd87691f1fe036,reading-task-config-4,6,2,yaml
67d24179c5bd87691f1fe036,reading-task-config-5,4,5,yaml
67d24179c5bd87691f1fe036,writing-task-config,6,2,yaml
67d24179c5bd87691f1fe036,modifying-task-config-1,2,5,yaml
67d24179c5bd87691f1fe036,modifying-task-config-2,4,3,yaml
67d24179c5bd87691f1fe036,modifying-task-config-3,4,2,yaml
67d24179c5bd87691f1fe036,modifying-task-config-4,4,1,yaml
5c4f5967aac8be0001716a65,writing-task-NL,2,6,xml
5c4f5967aac8be0001716a65,reading-task-config-1,2,5,xml
5c4f5967aac8be0001716a65,reading-task-config-2,2,5,xml
5c4f5967aac8be0001716a65,reading-task-config-3,2,5,xml
5c4f5967aac8be0001716a65,reading-task-config-4,3,4,xml
5c4f5967aac8be0001716a65,reading-task-config-5,1,7,xml
5c4f5967aac8be0001716a65,writing-task-config,5,3,xml
5c4f5967aac8be0001716a65,modifying-task-config-1,2,6,xml
5c4f5967aac8be0001716a65,modifying-task-config-2,3,5,xml
5c4f5967aac8be0001716a65,modifying-task-config-3,1,5,xml
5c4f5967aac8be0001716a65,modifying-task-config-4,4,3,xml
