participantId,education,format
64457bc906c125cebd4bf66b,High School,json5
6697c8b6d9d7baa7edd8c4d3,Master's,hjson
67e25388d573ec2d5f1c8442,Bachelor's,yaml
67e5cf90b79d0874e1cf16b0,Bachelor's,toml
67d00f24466a67ba7e41228e,Master's,toml
66475d6f7b27e4443ef0d031,Master's,json
6672d878f68b9e349b56e871,Bachelor's,toml
67f5bb69760b211cdfe8021c,Bachelor's,jsonc
67e571bef6af7ecd9c29ad72,Bachelor's,json
60f1f1d4ac991a259b83f603,Bachelor's,json
678f0bb28ec3307e4f1afb78,Bachelor's,hjson
669b961e1c9cf30a26bb57d2,Bachelor's,xml
673c13c9d37c8a73bc80b8ce,Bachelor's,json
66992f58a7964f557fc75f58,Master's,toml
60721c2da01b3a616edba9a7,Other,xml
673e43cc760355e9e4f042a3,Bachelor's,json5
60a0b744298c64d46b63e893,High School,hjson
67dc19c31078d1581e39e75a,Bachelor's,yaml
678bad003d15e6aba1ee5a5d,Bachelor's,jsonc
66cdfebcb908ea2717d06b6c,Bachelor's,hjson
67f0c5d37f91ceae5cb3b318,Master's,jsonc
56cb8858edf8da000b6df354,Master's,hjson
67aee0dfad3492b61a9ba0eb,Bachelor's,jsonc
667971a555af1f83d3f29ae7,Bachelor's,hjson
5c6414540821d30001046198,Bachelor's,hjson
6788c1c724c24dc56b08790a,Bachelor's,json5
67adb520391eb17f214a50b4,Master's,yaml
67d95269b47464c18da766ca,Bachelor's,xml
64275e53f51a5ed4f6b7d019,Bachelor's,toml
6734346ca8e90c2da6fb4509,Other,jsonc
66049694dfb8828a8f3dce70,Bachelor's,yaml
67ab214c2cde1be7c45535ac,Master's,jsonc
607728dc0b4f8590b94ae57c,Bachelor's,jsonc
667c18ace97ab6869cb1c50e,High School,hjson
667ac09492ea0caadf488520,Bachelor's,json
6740ae39809389d7da9de209,Bachelor's,xml
67c246023b44ca64d40ae45a,Master's,json5
67debe02a893eea51e8d02f2,Master's,json
673d0377254c407e5da57f97,Bachelor's,toml
62fd14d7b1e0729dc8aadb79,Bachelor's,xml
5dafea4de40355001651fa2f,Bachelor's,jsonc
6787e4bd2bf9557a90208f03,Master's,yaml
5e8a5a892f6f027054a83d88,Bachelor's,toml
67e4920c40c9561040ca01d0,Master's,xml
615200d54efc832849db2259,Bachelor's,json
67f184a3b82990251abd1592,Bachelor's,yaml
67bf88cc763aae600b429a3e,Master's,toml
67a754a5c8614c52a939d87b,Bachelor's,hjson
60fce3df91350150e2e88423,Other,yaml
67d29234dbfdb6668d124115,Bachelor's,yaml
65cf6d8a589a67afcab54e6f,Bachelor's,hjson
672d98919cc177d28c204e76,Bachelor's,json5
66b0d065329001a04e5ae671,High School,json
67f1a4f8dd44e7cd5adffa29,Master's,json5
5e3b5fa9255e7a37bc841135,Master's,json
677c52fe648cd68583dd3b1e,Master's,xml
5d30dfa68b1523000134878f,Bachelor's,json
671a519900a99ebc15a67672,High School,yaml
672ca6c0324ac26cdc0dd298,Master's,json5
67d7fa657f5ac0292a291a38,Bachelor's,hjson
677d185800ab83d1b0185d82,Bachelor's,jsonc
5b68c9eb87af310001584803,Bachelor's,json5
6784ff2095dd9b97e969b01f,Bachelor's,jsonc
67eff2b1a264260e948a4d14,Bachelor's,xml
5ecc71c95c92c2000a9e9a19,Bachelor's,jsonc
61267b828ead584bcf092e35,Bachelor's,hjson
6501c0a2e788b5556c24569d,Bachelor's,xml
637d8ca00150ac6e71a34ec9,Bachelor's,yaml
67cb01a82dda2577eb6ee320,Master's,json
67e17bac09359e09118892b4,Bachelor's,json5
6606b31155457e4f162ecf5a,Bachelor's,json5
63e5b3e89a3823139cb9d35e,Master's,toml
66bb6b7e0ccbed81f3ed30a8,Master's,xml
6753746b1f8827e2bd586bf0,High School,xml
67cd944859dabbd1d4552d39,Bachelor's,json
57c357770e6a1f00015f6038,Master's,json
67d188bcc201cc08eac23f92,Master's,json5
67f3619e16d4ca195fbd1bd0,Master's,yaml
66781db404eab5e142f849d9,Bachelor's,jsonc
667c2175b570aa694ce2f63c,High School,toml
67d1283c8f6169900d0072d2,Bachelor's,yaml
5f29eff59714081a3594a331,Master's,json
65be552ceed6a0595fa1feb5,High School,json
6577a27da9f5297d49f38e6f,High School,hjson
67eefd0739d752c54dd52686,Bachelor's,toml
67e12acb51605ac16c227598,PhD,jsonc
67d9788747176969d8d0fa1d,Bachelor's,hjson
669a84e18da4349ece0ea67c,Bachelor's,xml
67d548b5aa5737666a77a6d2,Bachelor's,json5
67ab57e88fd0774428bd1f32,Bachelor's,xml
667983594f7d5d70a78c6e5a,Master's,json
67f913a9b5c79e960807c7e3,Other,yaml
672003022f1b667a20157c45,Bachelor's,yaml
671b65fe04c301eb14263ba5,Bachelor's,toml
6787d648d7b1963c661f9443,Bachelor's,json5
66a9285501ac98053902d481,Bachelor's,toml
66a662a0a709312db9de01f2,Master's,jsonc
66b246951b9aefec80b7158a,High School,json
5d766978f47e6200019a2acf,Bachelor's,yaml
677d32c679491be18090225b,Master's,xml
67d163e7b7bcc1e9718e01da,Bachelor's,json5
665c5d94303fdf202ac9ded0,Bachelor's,toml
67ab650c320eccf6141d4010,Master's,jsonc
65fad673a546ab14baf2f8d3,Master's,json5
67f1c7bd6f1c4a3d8deae02f,Master's,toml
67adb27bd5f5776fcb16da62,Bachelor's,hjson
6675c40cdc52b37294f0514e,Bachelor's,hjson
